Decision Name,Current Owner,Decision Frequency,Decision ID,Decision Question,Decision Scope,Decision Type,Failure Mode Shape,How Painful it is if this is wrong,Notes,Observed Behavior / Evidence,Source Case(s),Where This Happens
,,,,,,,,,,,,
IS_THIS_A_PAST_CLIENT_CASE,Growth Lead,Medium = 1 out 5 SR,D1,Is this sourcing request (SR) for a repeat client case where prior preferences/constraints can be assumed?,Segment-specific,Context inference,Silent degradation,This only happens for client like Raj (back to school item),,"We did the same sourcing request for them like two years ago… we know estimated what kind of designs they want.
Target price and quantity is by us.",BTDT / Hui Syuen / Lord Working Session (2026-01-21),"Requirement clarification, SR intake"
SHOULD_WE_AVOID_LICENSED_IP_CARTOONS,Growth Lead,High = Every SR,D4,"For cartoon-themed products, should licensed IP designs be excluded to avoid infringement or import issues?",Global,Risk guardrail,Binary catastrophic,"Sometimes it’s hard to get not IP products, as those products they dont have so many different varieties.",,"We ban licensed cartoon like Disney.
They say they can't import it.",BTDT / Hui Syuen / Lord Working Session (2026-01-21),"SR intake, Suppliers search"
SHOULD_WE_PROCEED_WITH_VAGUE_REQUIREMENTS,Growth Lead,Medium = 1 out 5 SR,D2,"When the SR lacks clear specs, do we proceed by sourcing recommendations, or do we block until the client provides more detail?",Global,Gating / readiness,Costly rework,"We can still provide initial quotation first, as some client might get insights after looking at the first quotation",,The sourcing request is very bad… they didn't give any specific specs… it just asked us to give the recommendations.,BTDT / Hui Syuen / Lord Working Session (2026-01-21),"Requirement clarification, SR intake"
WHICH_THEME_KEYWORDS_TO_USE_FOR_SEARCH,Growth Lead,Low = 1 out 10 SR,D5,"When requirements are vague, which themes or styles should be used to shape initial search keywords?",Case-specific,Search shaping,Silent degradation,"If we don’t have past orders as reference, we can provide as many patterns as possible to give client reference first.",,Cartoons… not licensed… astronaut… animals… based on past experience.,BTDT / Hui Syuen / Lord Working Session (2026-01-21),"Requirement clarification, Suppliers search"
WHAT_MINIMUM_INPUTS_ARE_REQUIRED_TO_SOURCE,Growth Lead,Medium = 1 out 5 SR,D3,What minimum client inputs are required to start supplier search?,Global,Gating / readiness,Latency increase,"We can already start sourcing even with a product type, just it’s hard to avoid requotation if client did not provide details.",,You need to provide the product… quantity… target price… reference image… otherwise it's hard for us to help them.,BTDT / Hui Syuen / Lord Working Session (2026-01-21),Requirement clarification
WHICH_SUPPLIERS_ARE_CATEGORY_FOCUSED_ENOUGH,Growth Lead,High = Every SR,D7,Should we only work with suppliers focused on the target category?,Global,Partner qualification,Costly rework,"We need to always look for suppliers that are specifically selling the target category, to ensure they are professional enough.",,We check if they are only selling bags.,BTDT / Hui Syuen / Lord Working Session (2026-01-21),"Initial quotation, Supplier evaluation"
MANUFACTURER_OR_RESELLER_PREFERENCE,Growth Lead,High = Every SR,D8,Should manufacturers be preferred over small retail resellers?,Global,Partner qualification,Trust erosion,"Manufacturer can do more customization method than reseller, also their price will be much lower.",,We prefer to work with manufacturers.,BTDT / Hui Syuen / Lord Working Session (2026-01-21),Supplier evaluation
IS_FACTORY_ENVIRONMENT_ACCEPTABLE,Growth Lead,Medium = 1 out 5 SR,D9,Should factory environment be evaluated via supplier profile to assess quality risk?,Global,Partner qualification,Trust erosion,"Sometimes supplier doesn’t upload their environment images, we can only judge when doing QC.",,We look at factory environment pictures to judge quality.,BTDT / Hui Syuen / Lord Working Session (2026-01-21),Supplier evaluation
IS_SUPPLIER_RESPONSIVE_ENOUGH,Growth Lead,High = Every SR,D10,Is supplier responsiveness sufficient to proceed?,Global,Partner qualification,Latency increase,"Only deal with responsive supplier, to avoid MIA when issues happened.",,"If they are not responsive, it's very hard when problems arise.",BTDT / Hui Syuen / Lord Working Session (2026-01-21),Supplier evaluation
SHOULD_WE_USE_DEFAULT_SIZE_ASSUMPTION_FOR_BACKPACK,Growth Lead,High = Every SR,D6,"If the client does not provide size specs, should we proceed using a common default size?",Segment-specific,Context inference,Costly rework,Depending on client target audience.,,Backpack size doesn't have much variance… 30 to 40 cm is the most common.,BTDT / Hui Syuen / Lord Working Session (2026-01-21),"Bulk ordering, Initial quotation, Requotation, Sampling"
HOW_MANY_SKUS_TO_INCLUDE_IN_INITIAL_OPTIONS,Growth Lead,High = Every SR,D11,How many SKU options should be included in the initial quotation?,Segment-specific,Execution optimization,Latency increase,"For those client who open for selection, by default we should recommend 3-5SKUs/product. For those who already have specific requirements, we can just include 1.",,"For other clients, we only provide three options.",BTDT / Hui Syuen / Lord Working Session (2026-01-21),Initial quotation
SHOULD_WE_REQUIRE_THIRD_PARTY_QC_FOR_BULK_ORDERS,Growth Lead,High = Every SR,D14,Should third-party QC be required by default for bulk orders?,Global,Risk guardrail,Trust erosion,"We need to prepare QC checklist, and align with supplier on the production lead time to arrange QC in their factory.",,Every bulk order we arrange for QC.,BTDT / Hui Syuen / Lord Working Session (2026-01-21),After-sales service
WHEN_TO_FILL_DIMENSIONS_EARLY,Growth Lead,Medium = 1 out 5 SR,D15,Should dimensions be filled as early as possible to reduce later work?,Global,Execution optimization,Costly rework,"Best if we get all exact dimensions early, but the most important is before sending out bulk quotation.",,We try to fill in as many dimensions as possible at the initial stage.,BTDT / Hui Syuen / Lord Working Session (2026-01-21),Initial quotation
WHAT_QUESTIONS_TO_ASK_SUPPLIER_AT_OUTREACH,Growth Lead,High = Every SR,D13,What questions must be asked during initial supplier outreach?,Global,Execution optimization,Costly rework,"Basic questions like MOQ, Price, Leadtime, Dimensions and etc is a must when reaching out to supplier.",,"Ask about samples, lead time, QC, and logistics dimensions.",BTDT / Hui Syuen / Lord Working Session (2026-01-21),Supplier evaluation
SHOULD_WE_CONSOLIDATE_SKUS_PER_SUPPLIER,Growth Lead,Low = 1 out 10 SR,D12,Should more SKUs be selected from fewer suppliers to reduce operational complexity?,Global,Execution optimization,Latency increase,This only happens when client is requesting many SKU in the same category.,,Pick more SKU from the same supplier.,BTDT / Hui Syuen / Lord Working Session (2026-01-21),Initial quotation
SHOULD_WE_PAD_LEAD_TIME_RANGE_TO_MANAGE_EXPECTATIONS,Growth Lead,Medium = 1 out 5 SR,D19,Should lead time ranges be padded to manage client expectations?,Global,Risk guardrail,Trust erosion,"ETA will be provided by Poon when our goods dispatch from China, client can check shipment status directly from the tracking info we provided. It’s not necessary to adjust the leadtime.",,We make the range longer so clients don't expect shipment too fast.,BTDT / Hui Syuen / Lord Working Session (2026-01-21),"Bulk ordering, Forwarder/Logistics"
CAN_WE_TRUST_PRODUCT_PAGE_FOR_DIMENSIONS,Growth Lead,Medium = 1 out 5 SR,D16,"Can product page dimensions be trusted, or must the supplier be re-checked?",Global,Gating / readiness,Costly rework,"Category like solid items (container, tumblers and items that is not foldable), we can directly use the product dimensions on page. For foldable items, either we estimate it by ourselves or we get it from supplier.",,Sometimes the website has it; sometimes we need to ask the supplier.,BTDT / Hui Syuen / Lord Working Session (2026-01-21),"Bulk ordering, Initial quotation, Requotation, Sampling"
DOES_INBOUND_SHIPPING_COST_LOOK_REASONABLE,Growth Lead,Medium = 1 out 5 SR,D17,"Does inbound shipping cost look reasonable, or does it require re-validation?",Global,Risk guardrail,Costly rework,"This is not hard, we just need to send address to supplier and ask them calculate for us.",,"If it doesn't make sense, we reach out to the supplier.",BTDT / Hui Syuen / Lord Working Session (2026-01-21),"Bulk ordering, Initial quotation, Requotation"
WHICH_PACKAGING_TYPE_TO_USE_AND_WHEN_TO_REQUEST_CARTON_DIMS,Growth Lead,High = Every SR,D20,"Which packaging type should be used, and when should carton dimensions be requested?",Global,Execution optimization,Costly rework,"Should always request a carton dimensions from supplier, to ensure we calculate the correct logistic cost.",,Better to get carton dimensions from suppliers for accurate logistics cost.,BTDT / Hui Syuen / Lord Working Session (2026-01-21),Bulk ordering
IS_ITEM_READY_STOCK_OR_CUSTOMIZATION_OR_HIGH_QUANTITY,Growth Lead,High = Every SR,D18,"Can default lead time be used, or must the supplier be consulted?",Segment-specific,Gating / readiness,Latency increase,We need to ask supplier for every customized products.,,Ready stock has default lead time; high quantity or customization requires confirmation.,BTDT / Hui Syuen / Lord Working Session (2026-01-21),"Bulk ordering, Initial quotation, Sampling"
SHOULD_WE_TAG_ITEMS_AS_BEST_SELLER_TRENDING_OR_REORDER,Growth Lead,Low = 1 out 10 SR,D22,"Should SKUs be labeled as best seller, trending, or reorder?",Segment-specific,Context inference,Trust erosion,"This is not hard, we only need to label the reorder items correctly. The other labels will based on human judgement / from suppliers.",,"They ask us to label items as best seller, trending, or reorder.",BTDT / Hui Syuen / Lord Working Session (2026-01-21),"Bulk ordering, Initial quotation"
SHOULD_WE_SEND_QUOTATION_PDF_AFTER_SPOTCHECK,Growth Lead,High = Every SR,D24,Should quotation PDFs be checked for completeness before sending?,Global,Risk guardrail,Trust erosion,"Not painful, just to run through the pdf once to make sure all columns are being filled. This doesnt happen often",,We check the PDF for missing columns before sending.,BTDT / Hui Syuen / Lord Working Session (2026-01-21),"Bulk ordering, Initial quotation, Requotation"
HOW_TO_ESTIMATE_FOLDED_DIMENSIONS_WHEN_NOT_CARTONIZED,Growth Lead,Medium = 1 out 5 SR,D21,How should folded dimensions be estimated when items are not cartonized?,Segment-specific,Execution optimization,Costly rework,This is hard for new items as we have no idea on the dimensions (if not being provided by supplier). This will easily caused underestimate/overestimate our logistic cost.,,We estimate folded width based on experience; there is no SOP.,BTDT / Hui Syuen / Lord Working Session (2026-01-21),"Bulk ordering, Initial quotation, Requotation, Sampling"
WHEN_SQ_IS_TRUSTED_VS_WORKAROUND_TO_SHEETS,Growth Lead,Low = 1 out 10 SR,D25,When does SQ become unreliable such that the team must fall back to Google Sheets?,Case-specific,Gating / readiness,Latency increase,"This struggles a lot as those existing data might be gone when we try to export to Scube, what we can do is to make a copy first before exporting to Scube.",,Too many SKUs make SQ buggy; exports fail and we use Sheets instead.,BTDT / Hui Syuen / Lord Working Session (2026-01-21),Initial quotation
DEFAULT_QUOTATION_TERM_DDP_OR_FOB,Growth Lead,Low = 1 out 10 SR,D23,"Should quotations default to DDP or FOB, and when should exceptions apply?",Segment-specific,Gating / readiness,Trust erosion,This only happen when client has their own logistic/ the initial items are too many to quote.,,By default we quote DDP; Raj is an exception with FOB.,BTDT / Hui Syuen / Lord Working Session (2026-01-21),"Forwarder/Logistics, Initial quotation"
DEFINE_MINIMUM_INPUT_SET_FOR_INITIAL_PROGRESSION,Growth Lead,High = Every SR,D2,What is the minimum set of client-provided inputs required before the system can progress meaningfully?,Global,Gating / readiness,Costly rework,"These information is good for us to start sourcing, a reference image will be a bonus is it’s provided.","Core-level gating decision
High learning value for CC","Basic inputs like product name, quantity, price, and customization are considered enough to proceed.",Kim / Lord / Idea sharing on flow (2026-01-21),Requirement clarification
DETECT_AND_FLAG_OUT_OF_SCOPE_REQUESTS_EARLY,Growth Lead,,D4,Should out-of-scope or sensitive requests be identified and flagged during intake?,Global,Risk guardrail,Trust erosion,,"Core-level risk guardrail
Applies to IP, raw materials, and category limits","Sensitive, infringing, or unsupported items are flagged early in the conversation.",Kim / Lord / Idea sharing on flow (2026-01-21),"Requirement clarification, SR intake"
REQUIRE_REFERENCE_TO_NARROW_SEARCH_SPACE,Growth Lead,Medium = 1 out 5 SR,D3,Should a concrete reference be required to sufficiently narrow the supplier search space?,Global,Search shaping,Latency increase,"This will be hard for us to do sourcing, but we can still provide initial quotation first if the client need to get some insights from us.","Core-level search gating
Abstracted from image-specific requirement","Without style, material, or reference images, searching becomes very difficult.",Kim / Lord / Idea sharing on flow (2026-01-21),Requirement clarification
ALLOW_ANONYMOUS_REQUIREMENT_EXPLORATION,Growth Lead,,D1,Should users be allowed to explore requirement intake without identity commitment?,Global,Gating / readiness,Latency increase,,"Core × TH activation gate
Retained in Core × CC Decision Backlog",Users can try requirement intake without signing in; sign-up is required only when they want to get more serious.,Kim / Lord / Idea sharing on flow (2026-01-21),SR intake
ALLOW_CONTINUATION_AFTER_OUT_OF_SCOPE_DISCLOSURE,Growth Lead,,D5,"After disclosing that a request is out-of-scope, should the interaction be allowed to continue?",Global,Gating / readiness,Trust erosion,,"Policy / Experience decision
Not prioritized for Core learning",The conversation does not stop immediately after an out-of-scope notice.,Kim / Lord / Idea sharing on flow (2026-01-21),SR intake
ROUTE_CASE_TO_HUMAN_OPERATOR,Growth Lead,,D8,When should a case be routed from system-led flow to a human Growth Lead?,Segment-specific,Gating / readiness,Latency increase,,"Core routing boundary decision
Defines system vs human responsibility",More serious or complex cases are handed off to a Growth Lead.,Kim / Lord / Idea sharing on flow (2026-01-21),"Requirement clarification, SR intake"
SELECT_SUPPLIER_SEARCH_STRATEGY,Growth Lead,High = Every SR,D9,Should supplier sourcing begin with existing trusted suppliers or with open-market search?,Global,Search shaping,Latency increase,We will always priortize existing supplier as they can be assumed as Validated supplier,"Core-level search strategy decision
Strong CC learning candidate",Existing trusted suppliers are checked first before searching the open market.,Kim / Lord / Idea sharing on flow (2026-01-21),"Supplier evaluation, Suppliers search"
DECIDE_RESOURCE_ALLOCATION_FOR_LOW_INTENT_USERS,Growth Lead,,D7,Should system or human resources be allocated to users showing low intent signals?,Segment-specific,Gating / readiness,Latency increase,,"Ops / Policy decision
Excluded from Core prioritization",Users only checking prices are intentionally deprioritized.,Kim / Lord / Idea sharing on flow (2026-01-21),"Initial quotation, SR intake"
REQUIRE_SUPPLIER_CATEGORY_SPECIALIZATION,Growth Lead,High = Every SR,D10,Should suppliers be excluded if they are not specialized in the requested category?,Global,Partner qualification,Costly rework,We only want to work with supplier who selling the specific category as they will be more professional comparing to the others.,Core partner qualification decision,Suppliers covering too many unrelated categories are avoided.,Kim / Lord / Idea sharing on flow (2026-01-21),Supplier evaluation
INFER_CUSTOMER_INTENT_LEVEL,Growth Lead,,D6,How should the system infer whether a client has high or low sourcing intent?,Global,Context inference,Silent degradation,,"Cross-system decision (TH × Core)
High leverage for routing and prioritization",Clients who ask more follow-up questions are treated as having higher intent.,Kim / Lord / Idea sharing on flow (2026-01-21),"Requirement clarification, SR intake"
ASSESS_REQUIREMENT_FEASIBILITY,Growth Lead,Medium = 1 out 5 SR,D14,"Does the client's requirement, especially pricing expectations, appear feasible?",Global,Context inference,Trust erosion,This issues always happened for Indo client as their price always unreasonable,"Top-tier Core decision
Primary CC learning target",Experienced team members can often judge unrealistic pricing immediately.,Kim / Lord / Idea sharing on flow (2026-01-21),"Requirement clarification, Suppliers search"
CLASSIFY_CUSTOMIZATION_COMPLEXITY,Growth Lead,,D11,"Is the request OEM-level modification or ODM-level creation, and does that change the sourcing path?",Segment-specific,Context inference,Costly rework,,Core routing and scope decision,OEM requests involve logo changes; ODM requests involve creating a product from scratch.,Kim / Lord / Idea sharing on flow (2026-01-21),"Requirement clarification, Supplier evaluation"
DEFINE_EXPECTED_PROGRESS_VISIBILITY,Growth Lead,Medium = 1 out 5 SR,D15,What level of progress visibility should be proactively shared with clients?,Global,Execution optimization,Trust erosion,"Supplier’s responsiveness will impact this as a responsive supplier will always update us on the status, and we can pass the info to client.","Ops / Service design decision
Excluded from Core backlog",Clients repeatedly ask for status updates when visibility is low.,Kim / Lord / Idea sharing on flow (2026-01-21),"Bulk ordering, Initial quotation, Sampling"
REQUIRE_CUSTOMIZATION_READINESS_INFORMATION,Growth Lead,,D12,What readiness information must be collected before proceeding with customization sourcing?,Segment-specific,Gating / readiness,Costly rework,,"Borderline decision vs SOP
Tracked but not Core-prioritized","Questions include logo readiness, MOQ, and extent of customization.",Kim / Lord / Idea sharing on flow (2026-01-21),"Requirement clarification, Supplier evaluation"
ESCALATE_HIGH_UNCERTAINTY_REQUESTS,Growth Lead,,D13,Should high-uncertainty requests be escalated to high-touch handling?,Segment-specific,Gating / readiness,Costly rework,,Core routing decision,ODM and complex requests require more hand-holding by Growth Leads.,Kim / Lord / Idea sharing on flow (2026-01-21),"Requirement clarification, SR intake"
INTERPRET_CLIENT_BEHAVIOR_AS_INTENT_SIGNAL,Growth Lead,Medium = 1 out 5 SR,D16,Should specific client follow-up behaviors be interpreted as indicators of high intent?,Segment-specific,Context inference,Silent degradation,"The client’s followup activity reflects their purchase intent. This can also help us to make the decision on how much efforts we should put when working on the sr, to avoid our efforts being wasted.","Closely related to D6
Core intent inference decision",Detailed follow-up questions signal stronger purchase intent.,Kim / Lord / Idea sharing on flow (2026-01-21),SR intake
REQUIRE_REQUIREMENT_NORMALIZATION_OUTPUT,Growth Lead,,D17,Should the system produce a normalized requirement summary before handoff or progression?,Global,Execution optimization,Costly rework,,"System-support / feature-enabling decision
Not a sourcing decision itself",A final summary is produced after requirement intake.,Kim / Lord / Idea sharing on flow (2026-01-21),Requirement clarification
PROCEED_WITHOUT_TARGET_PRICE_ANCHOR,Growth Lead,Medium = 1 out 5 SR,D5,"If the client provides no target price, do we proceed to sourcing/quotation anyway or must we obtain a price anchor first?",Global,Context inference,Silent degradation,"Client might not familiar with those products, they can be a new startup company. We can show current market price as an insights for them.",,Client did not mention price until after the first quotation was sent.,BTDT / Hui Syuen / Lord Working Session (2026-01-22),"Initial quotation, Requirement clarification, SR intake"
REQUIRE_TIMELINE_AS_CONSTRAINT_INPUT,Growth Lead,Medium = 1 out 5 SR,D3,"Do we require a launch timeline constraint before proceeding, or can we proceed without it?",Segment-specific,Gating / readiness,Latency increase,"As delays during shipment is unavoidable, therefore, we need to estimate the timeline and give client a headsup on when is the date range they need to place an order.",,Syuen: they asked for the client's launch date early in the process.,BTDT / Hui Syuen / Lord Working Session (2026-01-22),"Requirement clarification, SR intake"
TREAT_AS_NEW_CASE_OR_REUSE_PRIOR_KNOWLEDGE,Growth Lead,,D2,Do we treat this request as a new case or attempt to reuse prior supplier/category knowledge?,Case-specific,Search shaping,Costly rework,,Decision changes the starting playbook (reuse vs restart).,"Syuen: ""We treat it as a new case"" because they had not sourced similar items before.",BTDT / Hui Syuen / Lord Working Session (2026-01-22),"Requirement clarification, SR intake"
TRUST_REFERRAL_AS_QUALIFICATION_SIGNAL,Growth Lead,Medium = 1 out 5 SR,D1,Should we treat a referral (from a known client like Raj) as sufficient signal to invest effort before full qualification?,Segment-specific,Context inference,Silent degradation,"Not all, it also depends on the client attitude. We can arrange an online meeting to interview, from there, we can know how serious they are",Referral was used as seriousness signal despite substantial free work.,Client was a UK referral from Raj; Syuen indicated they treated the case as serious because it was a referral.,BTDT / Hui Syuen / Lord Working Session (2026-01-22),SR intake
REQUIRE_REFERENCE_ARTIFACT_FOR_EXACT_MATCH,Growth Lead,Medium = 1 out 5 SR,D4,"For an exact-match-plus-customization request, is a reference image/link sufficient to begin sourcing without further clarification?",Global,Gating / readiness,Latency increase,"As requotation always happened for customized product, so we can use image search to look for the exact item first for initial stage. We can confirm the other details later after the first quote is sent.",,Client provided reference images at the first stage; Syuen said they could directly start sourcing without follow-up questions.,BTDT / Hui Syuen / Lord Working Session (2026-01-22),"Requirement clarification, SR intake"
SELECT_EARLY_SUPPLIER_PURSUIT_SIGNAL_SET,Growth Lead,High = Every SR,D9,Which early signals determine which suppliers we pursue first and which we deprioritize?,Global,Search shaping,Latency increase,We will prefer to work with the supplier who has the highest responsiveness,"Signals are treated as a set (not a single rule like ""always pick fastest"").","Syuen emphasized faster response and better offer; later cited responsiveness, category focus, attitude as factors.",BTDT / Hui Syuen / Lord Working Session (2026-01-22),Supplier evaluation
ALLOW_SUPPLIER_WITHOUT_EXACT_PUBLIC_LISTING,Growth Lead,Medium = 1 out 5 SR,D8,"If suppliers do not show the exact item in public listings, can they still be considered based on capability confirmation via reference images?",Global,Gating / readiness,Costly rework,Supplier might not uploaded everything they sell has some might be seasonal products (just an example),,Syuen: suppliers did not post the exact item; they used a reference link and sent images to suppliers to confirm feasibility and request quotations.,BTDT / Hui Syuen / Lord Working Session (2026-01-22),"Supplier evaluation, Suppliers search"
DEFINE_UPFRONT_VS_DEFERRED_CUSTOMIZATION_COMMITMENT,Growth Lead,Medium = 1 out 5 SR,D6,Which customization requirements are treated as committed upfront versus explicitly deferred until later stages?,Case-specific,Gating / readiness,Costly rework,"Client might think the original packaging is not ideal, so they decided to customized their own packaging after receiving samples.",,Lid logo embossing was required upfront; custom packaging was introduced only after the client reviewed samples and wanted better packaging.,BTDT / Hui Syuen / Lord Working Session (2026-01-22),Requirement clarification
INCORPORATE_CLIENT_SOURCED_SUPPLIER_CANDIDATES,Growth Lead,Low = 1 out 10 SR,D7,Should suppliers discovered by the client be evaluated as first-class candidates or treated as informational only?,Segment-specific,Search shaping,Latency increase,"We can reach out to other suppliers while approaching to client’s recommended suppliers. From there, we can pick the best fit and proceed.",,Client shared a supplier list from other sourcing attempts; Sourcy reached out to those suppliers to negotiate but did not get a better outcome.,BTDT / Hui Syuen / Lord Working Session (2026-01-22),Supplier evaluation
VALIDATE_CUSTOMIZATION_CAPABILITY_WITH_PRIOR_EVIDENCE,Growth Lead,High = Every SR,D10,What counts as sufficient evidence that a supplier can perform the required customization before we trust feasibility?,Global,Risk guardrail,Trust erosion,"For customization, we should encourage suppliers to shared their past orders product. This will also build trust on the client side.",,"Syuen asked suppliers to share similar prior products/images, focusing on the customization (logo) more than base jar style.",BTDT / Hui Syuen / Lord Working Session (2026-01-22),Supplier evaluation
SELECT_SUPPLIER_BY_QUALITATIVE_TRUST_FACTORS,Growth Lead,High = Every SR,D11,"Beyond price, which trust factors are required to select a supplier for a customization case?",Global,Partner qualification,Trust erosion,Price and responsiveness are the basic requirements when selecting suppliers.,,"Selection factors included responsiveness, previous images, specialization (glass-only focus), attitude, and price.",BTDT / Hui Syuen / Lord Working Session (2026-01-22),Supplier evaluation
ACCEPT_POST_SAMPLE_REQUIREMENT_EXPANSION,Growth Lead,Medium = 1 out 5 SR,D15,"After sample review, do we accept new requirements as a continuation or does it trigger a scope reset/re-approval?",Case-specific,Gating / readiness,Latency increase,"This will happen but not every time, we need to ensure client approves the mockup before proceeding. Sampling cost is always high for customized product",,Custom packaging requirement emerged after samples; led to extended back-and-forth over packaging execution.,BTDT / Hui Syuen / Lord Working Session (2026-01-22),"Requirement clarification, Sampling"
DEFINE_PRE_SHIPMENT_SAMPLE_VERIFICATION_REQUIREMENTS,Growth Lead,High = Every SR,D13,What must be verified (and evidenced) before a sample is shipped to reduce downstream surprises?,Global,Risk guardrail,Costly rework,"Must send an actual product picture fist to client before ship out, it’s also to prevent any damages during the shipment.",,Syuen retrospective: ask supplier to take photos of completed samples before shipping to reduce back-and-forth.,BTDT / Hui Syuen / Lord Working Session (2026-01-22),Sampling
DISCLOSE_SUPPLIER_ENVIRONMENT_RISK_OR_NOT,Growth Lead,Medium = 1 out 5 SR,D12,"When we observe poor factory/working-environment signals, do we disclose it proactively to the client or hold it unless an issue surfaces?",Segment-specific,Risk guardrail,Trust erosion,"If we realize after client proceed to samples, when we should hold it first. If we’re still at the initial stage, then perhaps we should look for alternative supplier.",,Syuen: they typically do not report environment concerns; client discovered hygiene concerns (fingerprints) after receiving samples.,BTDT / Hui Syuen / Lord Working Session (2026-01-22),Supplier evaluation
DEFINE_CRITICAL_FIT_REQUIREMENTS_BEFORE_SAMPLE_SHIP,Growth Lead,Medium = 1 out 5 SR,D14,"Do we explicitly define critical fit requirements (e.g., accessory dimensions affecting packaging) and require supplier confirmation before sample shipment?",Global,Gating / readiness,Costly rework,Need to work with supplier to can always cooperate as we might need a lot of details of the product.,,Spoon length/orientation created packaging height implications; supplier initially provided wrong spoon/dimensions; issue surfaced at sample review.,BTDT / Hui Syuen / Lord Working Session (2026-01-22),"Requirement clarification, Sampling"
REQUIRE_PACKAGING_PROOF_BEFORE_PRODUCTION,Growth Lead,Medium = 1 out 5 SR,D16,"For custom packaging, what proof must be validated before production (mockup, dieline/fit, dimension match, overlap checks)?",Segment-specific,Risk guardrail,Costly rework,This will caused a lot of back and forth if the customization is complex.,,"Supplier mockups had dimension mismatch and overlapping artwork; issues were raised to supplier, then returned to client for adjustment.",BTDT / Hui Syuen / Lord Working Session (2026-01-22),"Bulk ordering, Sampling"
ESCALATE_ALIGNMENT_MODE_UNDER_MISUNDERSTANDING,Growth Lead,Low = 1 out 10 SR,D20,"When misunderstandings persist with a supplier, what alignment mode is required to escalate (call vs text vs other structured alignment)?",Global,Execution optimization,Latency increase,"Best to keep all conversation in text, this will also become a proof when after sales issues happened.",,Syuen stopped calls due to misunderstanding and continued via text; still required extensive explanation.,BTDT / Hui Syuen / Lord Working Session (2026-01-22),"Bulk ordering, Sampling, Supplier evaluation"
HANDLE_NON_STANDARD_COMPONENT_REQUIREMENTS,Growth Lead,Low = 1 out 10 SR,D17,"When a requirement breaks supplier ready-stock defaults (e.g., non-standard spoon), do we push for compliance or switch suppliers?",Case-specific,Risk guardrail,Costly rework,This will require negotiation process with supplier.,,Supplier resisted due to ready stock; ultimately sourced different component from another manufacturer and bore cost after negotiation.,BTDT / Hui Syuen / Lord Working Session (2026-01-22),Supplier evaluation
ROUTE_TO_SPECIAL_FULFILLMENT_FLOW,Growth Lead,Low = 1 out 10 SR,D19,"Should the order follow a special fulfillment pathway (e.g., Amazon China warehouse drop-off) instead of standard shipping?",Segment-specific,Gating / readiness,Binary catastrophic,"As Amazon has their strict rules, we need to spend a lot of time talking to the PIC and understand their process",,"Because client sold on Amazon, goods were dropped at an Amazon warehouse in China with registration and barcode labeling requirements.",BTDT / Hui Syuen / Lord Working Session (2026-01-22),Forwarder/Logistics
ESCALATE_TO_NEGOTIATION_FRAME_FOR_SUPPLIER_COMPLIANCE,Growth Lead,Medium = 1 out 5 SR,D18,"When supplier resists changes due to cost/stock constraints, do we escalate using negotiation framing (e.g., long-term collaboration) to enforce compliance without extra charge?",Case-specific,Execution optimization,Trust erosion,We will try to convince the supplier first to see if they can bear the additional cost by telling them we’re happy to have a long term collaboration with them,,Syuen described negotiating long-term collaboration framing; supplier bore added cost and did not charge more.,BTDT / Hui Syuen / Lord Working Session (2026-01-22),Supplier evaluation
REQUOTATION_TRIGGER_POLICY,Growth Lead,Medium = 1 out 5 SR,D22,"When clients keep changing quantity/specs/packaging variants, do we regenerate quotes each time and what constitutes a new quote boundary?",Global,Gating / readiness,Latency increase,Supplier might feel annoyed if we keep changing the specs and request quote from them.,,"Syuen described many quotations driven by quantity changes and spec/packaging variants (e.g., 4-pack vs 6-pack; printed vs craft box).",BTDT / Hui Syuen / Lord Working Session (2026-01-22),Requotation
TRUST_EXTERNAL_PROCESS_INSTRUCTIONS_FOR_NEW_LOGISTICS,Growth Lead,Low = 1 out 10 SR,D21,"When handling an unfamiliar logistics/compliance flow, do we trust client-forwarded instructions or require internal validation/escalation first?",Segment-specific,Risk guardrail,Binary catastrophic,"This is not often as most of the client rely on Sourcy for shipping. When client has their own logistic partner, it may requires some time to understand their work flow to work together",Kim support noted due to unfamiliarity.,Client forwarded Amazon instructions and asked Sourcy to coordinate with Amazon PIC; team relied on these instructions to execute requirements.,BTDT / Hui Syuen / Lord Working Session (2026-01-22),Forwarder/Logistics
ACCEPT_LOWER_COST_VARIANT_FOR_PRICE_SENSITIVE_CLIENT,Growth Lead,Low = 1 out 10 SR,D4,"When a client is price-sensitive, do we offer a cheaper variant even if it implies lower robustness/quality?",Segment-specific,Execution optimization,Trust erosion,"We need to know what will be the impact first before quoting to client, including the quality difference and etc",Tradeoff taken in this case and later produced a failure incident.,"""price sensitive… we offer a cheaper option… thickness is thin… cups break.""",BTDT / Hui Syuen / Lord Working Session (2026-01-23),Initial quotation
PROCEED_WITHOUT_TARGET_PRICE_ANCHOR,Growth Lead,Medium = 1 out 5 SR,D5,"If the client provides no target price, do we proceed to first quotation anyway or require a price anchor first?",Global,Context inference,Silent degradation,"Some client might have no idea on the product market price, so they need us to send the first quote and get insights from there.",,"""they didn't give any price… we sent the first quotation… then they flagged they want a cheaper one.""",BTDT / Hui Syuen / Lord Working Session (2026-01-23),"Initial quotation, Requirement clarification"
SELECT_NEW_SUPPLIER_AS_INITIAL_BEST_FIT,Growth Lead,Medium = 1 out 5 SR,D8,"From multiple suppliers contacted, do we select a new supplier as the best fit for this case's constraints (vs reusing an existing supplier)?",Case-specific,Partner qualification,Costly rework,"Reusing existing supplier is the priority, unless we have some after sales problems happened last time. ",,"""reach out to different supplier first… this one is the best fit… supplier is the new one.""",BTDT / Hui Syuen / Lord Working Session (2026-01-23),"Supplier evaluation, Suppliers search"
NEGOTIATE_WITH_CURRENT_SUPPLIER_BEFORE_RESEARCHING_NEW,Growth Lead,High = Every SR,D7,"When price pushback occurs, do we first negotiate with the current supplier or immediately search for new suppliers?",Global,Execution optimization,Latency increase,Negotiate with the current supplier will save time to reaching out a new supplier and explaining again all our requirements. Looking for a new supplier will be Plan B if the current supplier unable to fulfill our requirements,,"""We negotiate to the current one first.""",BTDT / Hui Syuen / Lord Working Session (2026-01-23),"Initial quotation, Supplier evaluation"
INFER_PRICE_SENSITIVITY_FROM_REACTION_TO_FIRST_QUOTE,Growth Lead,Medium = 1 out 5 SR,D6,"Do we classify the client as price-sensitive based on pushback to the first quotation, and shift strategy accordingly?",Segment-specific,Context inference,Silent degradation,"Some client might have no idea on the product market price, so they need us to send the first quote and get insights from there.",,"""we did send the first quotation and then… they want a cheaper one.""",BTDT / Hui Syuen / Lord Working Session (2026-01-23),Initial quotation
LIMIT_NUMBER_OF_SUPPLIERS_PRESENTED_IN_QUOTATION,Growth Lead,High = Every SR,D12,"Do we present one supplier (or one to two max) instead of many suppliers because the product is ""the same""?",Global,Gating / readiness,Silent degradation,"It is not necessary to include multiple suppliers if the product is 100% same, we just need to sort out the best offer and show it to client. Client will also confuse if we’re showing same products in different pricing.",Dimension differences can still exist even if volume is the same.,"""only include like one or two supplier at maximum… because the product will be the same.""",BTDT / Hui Syuen / Lord Working Session (2026-01-23),Initial quotation
REQUIRE_LAUNCH_TIMELINE_AS_CONSTRAINT_INPUT,Growth Lead,Medium = 1 out 5 SR,D9,Do we require a launch timeline constraint and plan the execution against it?,Segment-specific,Gating / readiness,Latency increase,We need to understand client sourcing purpose first to avoid same issue happened again (unless unpredictable situation),,"""they did mention a launch timeline… supposed to be okay… at the end… delay.""",BTDT / Hui Syuen / Lord Working Session (2026-01-23),"Requirement clarification, SR intake"
CHOOSE_EARLY_SUPPLIER_PURSUIT_SIGNAL_SET,Growth Lead,High = Every SR,D11,What early signals determine which supplier to pursue for the initial quotation?,Global,Search shaping,Silent degradation,This is the basic requirements when selecting a supplier.,Early pursuit signals explicitly include responsiveness and price in this case.,"""picked the most responsive one and also the cheapest one.""",BTDT / Hui Syuen / Lord Working Session (2026-01-23),Supplier evaluation
REQUEST_SUPPLIER_QUOTE_BY_VARIANT_SET,Growth Lead,High = Every SR,D10,"Which product variants (e.g., sizes/volumes) do we include when requesting supplier quotations?",Case-specific,Search shaping,Latency increase,"If the product category is same, I will send over all of our request and ask if they can quote for us. This way can also save our time to chat too many suppliers at once.",This defines the search/quote space (which SKUs to price).,"Sent product link, asked if supplier has 8/12/16oz variants, then provided quantity for quote.",BTDT / Hui Syuen / Lord Working Session (2026-01-23),Initial quotation
LET_CLIENT_CHOOSE_DIMENSION_VARIANTS_DESPITE_SAME_VOLUME,Growth Lead,High = Every SR,D13,"When volume is the same but dimensions differ across suppliers/variants, do we let the client choose based on dimension differences?",Case-specific,Gating / readiness,Costly rework,I will give client some options for them to choose instead of making decision on behalf of them,,"""8oz paper cup… different dimensions even though volume is the same… we provide it and let the client choose.""",BTDT / Hui Syuen / Lord Working Session (2026-01-23),"Initial quotation, Requirement clarification"
REQUOTATION_TRIGGER_POLICY_FOR_PRICE_QUANTITY_NEGOTIATION,Growth Lead,High = Every SR,D15,"When unit price is too high, do we iterate quotations by changing quantity to reach an acceptable price/quantity balance?",Global,Execution optimization,Latency increase,"We can encourage client to give their target price first at the first stage, to avoid the requotation after initial quotation.",,"""unit price too expensive… offer higher quantity to get lower price… keep changing the quantity.""",BTDT / Hui Syuen / Lord Working Session (2026-01-23),Requotation
REQUIRE_QUALITY_VALIDATION_WHEN_TRADING_DOWN_PRICE,Growth Lead,Low = 1 out 10 SR,D16,"When driving price down through cheaper variants, do we require explicit quality validation before committing to bulk?",Global,Risk guardrail,Costly rework,,"In this instance, lack of validation preceded the cup-breaking incident.","Lord asks if they checked quality while going cheaper; Syuen: ""we didn't check and… not reminded.""",BTDT / Hui Syuen / Lord Working Session (2026-01-23),Supplier evaluation
DEFAULT_TO_SINGLE_FORWARDER_FOR_NEW_COUNTRY_SHIPPING,Growth Lead,Medium = 1 out 5 SR,D14,"For a new destination/country, do we default to a single known forwarder rather than exploring multiple forwarders?",Segment-specific,Execution optimization,Silent degradation,"PoonPoon will explore more new forwarders if the current one quoted high price, also we will need to know if the forwarder has experience to that country.",,"""only rely on Python D… didn't explore that much of forwarders.""",BTDT / Hui Syuen / Lord Working Session (2026-01-23),Forwarder/Logistics
SKIP_PHYSICAL_SAMPLES_AND_USE_SAMPLE_PHOTOS_ONLY,Growth Lead,Low = 1 out 10 SR,D17,"Do we proceed to bulk without physical samples, relying only on sample pictures for approval?",Case-specific,Gating / readiness,Silent degradation,"We send an actual sample picture for client confirmation first before we send out, we will still send the physical samples after sending the image.",,"""I don't think we did samples… we only get the samples pictures… we did send to the customer… by pictures we think it's all good.""",BTDT / Hui Syuen / Lord Working Session (2026-01-23),Sampling
DECIDE_WHETHER_NEW_DESTINATION_REQUIRES_ADDITIONAL_LOGISTICS_DUE_DILIGENCE,Growth Lead,Low = 1 out 10 SR,D18,"When shipping to a new country for the first time, do we perform additional due diligence/research or proceed as standard?",Segment-specific,Risk guardrail,Binary catastrophic,"Next time, we can work with forwarder who has more experiences shipping to that country. Also, we can understand more shipping limitations from forwarder side","Later shipment blocking indicates hidden risk even for ""non-sensitive goods.""","""first time… did you do extra research?… We didn't… not sensitive goods… didn't think troubles.""",BTDT / Hui Syuen / Lord Working Session (2026-01-23),Forwarder/Logistics
RELY_ON_FORWARDER_TO_RESOLVE_LOCAL_CLEARANCE_BLOCKS,Growth Lead,High = Every SR,D20,"When a shipment is blocked in a destination where we lack local capability, do we rely solely on the forwarder to resolve it?",Segment-specific,Execution optimization,Latency increase,"Forwarder is responsible to solve any issues regarding shipment for us, as we already pay for the freight cost and this is part of their job.",,"""first time to Mexico… we can't do anything… rushing the forwarder to solve this for us.""",BTDT / Hui Syuen / Lord Working Session (2026-01-23),Forwarder/Logistics
HOLD_SUPPLIER_ACCOUNTABLE_OR_SWITCH_AFTER_INCIDENT,Growth Lead,Low = 1 out 10 SR,D22,"After a quality incident, do we continue with the same supplier under remediation terms or switch to a new supplier?",Case-specific,Partner qualification,Costly rework,"It depends on the supplier’s attitude. It will be hard for client to repurchase from us again if the supplier did not refund anything for the quality incident. ",,Supplier offered replacement in next order; team explored other suppliers and switched for the new quotation.,BTDT / Hui Syuen / Lord Working Session (2026-01-23),Supplier evaluation
CHOOSE_REMEDIATION_STANCE_FOR_POST_DELIVERY_PRODUCT_FAILURE,Growth Lead,Medium = 1 out 5 SR,D21,"When the client reports product failure after delivery, do we offer monetary remediation (e.g., partial refund) and/or replacement paths?",Case-specific,Risk guardrail,Trust erosion,"We need to do investigation on the products, also client needs to provide some videos as proof. ","Evidence confidence is lower (recalled, not asserted as certain).","Client sent a video of cups breaking; Syuen recalls they did a partial refund ""if not mistaken.""",BTDT / Hui Syuen / Lord Working Session (2026-01-23),After-sales service
REQUIRE_SAMPLES_BEFORE_NEXT_ORDER_AFTER_QUALITY_FAILURE,Growth Lead,High = Every SR,D23,"After a bulk quality failure, do we require samples (not just photos) before proceeding with the next supplier/order?",Segment-specific,Risk guardrail,Costly rework,"We always ship samples to client side if their timeline is still sufficient, only edge cases for client to confirm their samples via images.","Unclear whether a second bulk order happened; the decision still occurs at the ""next attempt"" stage.","After switching suppliers, Syuen confirms they did a sample check before proceeding further.",BTDT / Hui Syuen / Lord Working Session (2026-01-23),"Sampling, Supplier evaluation"
DETECT_LOGISTICS_ANOMALY_VIA_TRACKING_AND_ESCALATE,Growth Lead,High = Every SR,D19,"Do we monitor tracking status to detect anomalies (e.g., stalled shipment) and escalate to the forwarder for investigation?",Segment-specific,Gating / readiness,Latency increase,"As we need to keep transparent procurement process to client, so we always need to update client on the latest shipment status. Once we find anything weird, we will need to escalate to our forwarder and update client.",,"They checked tracking, saw shipment stopped for days, then contacted forwarder who checked locally and reported the issue.",BTDT / Hui Syuen / Lord Working Session (2026-01-23),Forwarder/Logistics
PROVIDE_SUPPLIER_TEMPLATE_TO_REDUCE_DESIGN_ITERATIONS,Growth Lead,Medium = 1 out 5 SR,D27,Do we require/encourage using supplier-provided templates to reduce design back-and-forth during customization?,Segment-specific,Execution optimization,Latency increase,"This only works when client side has their own design team. If not, the back and forth conversation is still unavoidable.",,Syuen says the scratch approach was inefficient; suggested supplier provides blank mockup template so client can copy/paste designs and adjust.,BTDT / Hui Syuen / Lord Working Session (2026-01-23),"Bulk ordering, Initial quotation, Sampling"
REQUIRE_PRINT_METHOD_COMPATIBILITY_DISCLOSURE,Growth Lead,Medium = 1 out 5 SR,D29,"When printing methods differ between samples and bulk, do we require disclosure/expectation-setting with the client before proceeding?",Global,Risk guardrail,Trust erosion,"This is to set client’s expectation lower for their bulk order, we also need to give them a heads up first so that some of the after sales issues can be avoid.",Mentioned as a learned practice from another case; kept as decision awareness (not asserted as Pickup Coffee-specific).,Syuen describes another case where supplier warned samples wouldn't match bulk due to different printing methods; they asked supplier to capture differences and shared with the client.,BTDT / Hui Syuen / Lord Working Session (2026-01-23),"Bulk ordering, Sampling"
SWITCH_SUPPLIER_IF_TRUSTWORTHINESS_IS_INSUFFICIENT,Growth Lead,High = Every SR,D25,"Do we switch suppliers when we judge the current supplier as not responsible enough, even if they offer better pricing on some variants?",Case-specific,Partner qualification,Trust erosion,Any irresponsible supplier should be swap and look for an alternative. We want to avoid delivering bad quality products to client.,,"They avoided the previous supplier because thick version was not competitive and ""we don't think that they are responsible enough.""",BTDT / Hui Syuen / Lord Working Session (2026-01-23),Supplier evaluation
ACCEPT_HIGHER_PRICE_FOR_HIGHER_QUALITY_AFTER_INCIDENT,Growth Lead,Medium = 1 out 5 SR,D24,Do we accept a higher unit price in exchange for improved quality when recovering from a quality incident?,Segment-specific,Execution optimization,Trust erosion,"We will try to negotiate to get the same price, with a higher quantity. A little bit higher price is acceptable as long as client is satisfied with the product quality.",,"New supplier was ""a little bit more expensive,"" and the client was ""okay with the price.""",BTDT / Hui Syuen / Lord Working Session (2026-01-23),"Bulk ordering, Initial quotation, Requotation"
HANDLE_COLOR_ACCURACY_MISMATCH_VIA_LOW_COST_PROOFING,Growth Lead,Low = 1 out 10 SR,D26,"When printed output color differs from the intended color, do we use a lower-cost proofing method (vs producing new physical samples) to converge?",Case-specific,Execution optimization,Latency increase,This is a good way to save sampling fee. Normally client always satisfied with the color if they’re launching a new product. They will only be picky if they already selling the product and want to source to replace their current supply chain.,,"To avoid high sampling fees, they asked the supplier to print color-code paper for the client to pick.",BTDT / Hui Syuen / Lord Working Session (2026-01-23),Sampling
CLASSIFY_CUSTOMIZATION_COMPLEXITY_BY_PRINT_COVERAGE,Growth Lead,Medium = 1 out 5 SR,D28,"Do we classify customization difficulty based on print coverage/complexity (e.g., full background color vs logo-only), and route effort accordingly?",Global,Context inference,Latency increase,,,"Paper cup with full green background + white logo was troublesome; logo-only items were ""simple.""",BTDT / Hui Syuen / Lord Working Session (2026-01-23),"Requirement clarification, SR intake"
PHYSICAL_SAMPLE_REQUIRED_CONDITION,Growth Lead,High = Every SR,D2a,"Do we require physical samples (not just photos) before proceeding to bulk, especially after an incident/recovery context?",Segment-specific,Risk guardrail,Costly rework,"A physical sample is always required for client to check the quality. Only edge cases for us to skip samples, especially when the timeline is extremely tight.",,"Order 2: ""we did a samples… they are satisfied with it.""",BTDT / Hui Syuen / Lord Working Session (2026-01-26),Sampling
ORDER_SCOPE_FREEZE_FOR_REORDER,Growth Lead,Medium = 1 out 5 SR,D1,"For a recovery/reorder, do we scope the order to core SKUs only vs expanding the SKU set?",Segment-specific,Gating / readiness,Costly rework,This will based on client’s requirements.,,"Order 2 was scoped to only paper cup + PP plastic cup: ""only… paper cup and the PP plastic cup… only these two products.""",BTDT / Hui Syuen / Lord Working Session (2026-01-26),Requirement clarification
PHOTO_ONLY_APPROVAL_ALLOWED,Growth Lead,Low = 1 out 10 SR,D2b,"When timeline is tight, do we allow photo-only confirmation to approve and start bulk production (skipping physical sample shipment)?",Segment-specific,Gating / readiness,Silent degradation,"We can propose this sampling method, but we need to explain the risk and need client’s approval before proceed.",,"Order 1: ""skip sample… sent pictures… after they confirm… start the B production.""",BTDT / Hui Syuen / Lord Working Session (2026-01-26),Sampling
FUNCTIONAL_PROOF_FOR_QR_OR_FEATURE,Growth Lead,Low = 1 out 10 SR,D2c,"For functional elements (e.g., QR codes), do we require a functional proof check before approving production?",Segment-specific,Risk guardrail,Costly rework,"As we need to ensure everything is working well, that’s why we need to check every functional elements before proceed to next step. The after sales issues will be more troublesome if the functional element is not working.",,"""supplier print… on the A4 paper… we try to scan the QR code and it works.""",BTDT / Hui Syuen / Lord Working Session (2026-01-26),Sampling
BULK_READINESS_EVIDENCE_STANDARD,Growth Lead,Medium = 1 out 5 SR,D2,"Before bulk production, what evidence/approval standard is required to proceed (physical sample, photo-only, printed proof, etc.)?",Global,Risk guardrail,Costly rework,This will depending on the client’s requirements.,,Evidence modalities used across the case: physical samples for order 2; photo confirmation for order 1; printed proofs for QR/color.,BTDT / Hui Syuen / Lord Working Session (2026-01-26),Sampling
PAYMENT_METHOD_DEFAULT_AND_OVERRIDE,Growth Lead,High = Every SR,D4b,"Do we default to payment link as primary method and treat bank transfer as an edge case, while still asking client preference?",Global,Execution optimization,Latency increase,"We will ask the preferred payment method that the client want, but payment link is the easiest one as client don’t have to key in too much info.",,"""default is… send them a payment link… not many clients will do online transfer… we will ask… but by default…""",BTDT / Hui Syuen / Lord Working Session (2026-01-26),Bulk ordering
QUOTE_BASIS_FOR_REORDER,Growth Lead,Medium = 1 out 5 SR,D3,"For a reorder/recovery order, do we reuse prior order requirements and pricing anchors vs collecting a fresh requirement/pricing baseline?",Segment-specific,Context inference,Silent degradation,"Yes, we will always take previous order as reference. Unless the item category is different, then we might need to clarify with client on the specs, price and etc.",,"""it's from the past order… list of the products they want."" + ""target pricing… from the previous order.""",BTDT / Hui Syuen / Lord Working Session (2026-01-26),"Initial quotation, Requirement clarification, SR intake"
PAYMENT_GATING_AND_METHOD_DEFAULTS,Growth Lead,Medium = 1 out 5 SR,D4,"What are the payment gates and defaults (deposit to start production, payment method default/override, failure recovery, balance gating for release)?",Global,Gating / readiness,Latency increase,"By default is 3/7 payment terms - 30% downpayment to start the production first, and the balance before we dispatch the goods to client’s destination. Payment method depending on client’s preference.",,Deposit triggers production; default payment link; edge-case bank transfer rejection handled; balance payment reminded before release.,BTDT / Hui Syuen / Lord Working Session (2026-01-26),Bulk ordering
COLOR_PROOF_ITERATION_POLICY,Growth Lead,Medium = 1 out 5 SR,D2d,"When color output does not meet requirements, do we run additional proof/print cycles to adjust color codes before approval?",Segment-specific,Gating / readiness,Costly rework,"If previous samples do not meet requirements, we will need to do another round of sampling, so make sure the bulk outcome is satisfied and meet client’s expectation.",,"""they change a bit on the color code… supplier did print out… previous one… doesn't meet their requirements.""",BTDT / Hui Syuen / Lord Working Session (2026-01-26),Sampling
PRODUCTION_START_TRIGGER,Growth Lead,High = Every SR,D4a,"Do we begin production only after receiving a deposit (e.g., 30% down payment)?",Global,Gating / readiness,Latency increase,"At least a 30% downpayment is needed to start a production, unless we have special deal with the client.",,"""pay the down payment 30% and the production started.""",BTDT / Hui Syuen / Lord Working Session (2026-01-26),Bulk ordering
BALANCE_PAYMENT_GATING_FOR_RELEASE,Growth Lead,Medium = 1 out 5 SR,D4d,Do we gate final release/shipping on collecting balance payment (and proactively prompt for it)?,Global,Gating / readiness,Latency increase,"It depends on the payment terms for different client, and either the client is new/existing. ",,"""remind them for the balance payment.""",BTDT / Hui Syuen / Lord Working Session (2026-01-26),Bulk ordering
SHIPPING_MODE_DRIVER,Growth Lead,High = Every SR,D5a,Is shipping mode (sea vs air) primarily client-request-driven vs Sourcy-recommendation-driven?,Global,Execution optimization,Latency increase,"By default, air freight used for samples and sea freight used for bulk order. This is the best way, unless client has specific request.",,"""how did we decide… sea vs air…? — the client request one.""",BTDT / Hui Syuen / Lord Working Session (2026-01-26),Forwarder/Logistics
PAYMENT_FAILURE_RECOVERY_PATH,PM,Low = 1 out 10 SR,D4c,"When a client bank transfer is rejected (e.g., wrong SWIFT), do we cancel/wait for refund and reissue corrected payment instructions?",Case-specific,Execution optimization,Latency increase,"This need further investigation, we might need to call the bank and understand the issue first and request client to make another transaction.",,"""transfer… rejected… funds will being refunded… provided new… swift code.""",BTDT / Hui Syuen / Lord Working Session (2026-01-26),Bulk ordering
LOGISTICS_MODE_AND_FORWARDER_STRATEGY,Growth Lead,Low = 1 out 10 SR,D5,"What is our logistics strategy across mode selection (sea/air, FCL/LCL), forwarder selection/switching, and required shipment handoff controls?",Global,Execution optimization,Binary catastrophic,"For samples → Airfreight
For bulk order → sea freight
For bulk (tight timeline) → Spilt into batches, some by air and balance by sea
We can give ETA for different shipping method, client can make the decision by their own.",,Sea vs air decisions; FCL recommendation; forwarder switched after incident; address confirmation; ETA/lock/tracking used as coordination artifacts.,BTDT / Hui Syuen / Lord Working Session (2026-01-26),Forwarder/Logistics
SEA_DEFAULT_FOR_HIGH_COST_ROUTES,Growth Lead,Low = 1 out 10 SR,D5b,"For high-cost routes (e.g., Mexico), do we default to sea freight and switch to air only when timeline is tight?",Segment-specific,Execution optimization,Latency increase,"Sea freight will always be the best option first, air freight is only able when we spilt the shipment in batches as the cost is extremely high.",,"""cost is very high to Mexico… unless timeline really tight… if not then… sea.""",BTDT / Hui Syuen / Lord Working Session (2026-01-26),Forwarder/Logistics
SAMPLE_SHIP_MODE_CONSTRAINT,Growth Lead,High = Every SR,D5c,Do we ship samples via air by default due to sea freight minimum CBM constraints?,Global,Execution optimization,Latency increase,"Yes, we always ship samples by air only. This is because sea freight has the minimum shipping volume, and air freight has the shortest shipping durations.",,"""samples… only air freight… sea… minimum CBM.""",BTDT / Hui Syuen / Lord Working Session (2026-01-26),Forwarder/Logistics
REQUIRE_ADDRESS_CONFIRMATION_BEFORE_DISPATCH,Growth Lead,High = Every SR,D5g,Do we require explicit shipping address confirmation before dispatching shipment?,Global,Risk guardrail,Costly rework,"Shipping address was given at initial stage to quote shipping cost, but we will do another round of confirmation when the goods arrive at destination country to make sure the address is right.",,"""shipping address… need them to confirm.""",BTDT / Hui Syuen / Lord Working Session (2026-01-26),Forwarder/Logistics
SPLIT_SHIPMENT_STRATEGY_FOR_LAUNCH,Growth Lead,Medium = 1 out 5 SR,D5d,"When timeline is tight, do we split shipments into batches (air for launch + sea LCL/FCL for remainder)?",Segment-specific,Execution optimization,Costly rework,"This require discussion with client, to understand what are the most important items and what is the quantity. We can spilt the shipment into batches, and send the most important part by air freight first.",,"""one air freight… arrive before launch… one sea LCL and one sea FCL… three batches.""",BTDT / Hui Syuen / Lord Working Session (2026-01-26),Forwarder/Logistics
FORWARDER_SELECTION_AND_SWITCH_TRIGGER,PM,Low = 1 out 10 SR,D5f,Do we switch forwarders after an incident and/or choose a specialized forwarder despite limited prior usage when route-fit is strong?,Segment-specific,Partner qualification,Silent degradation,"It requires us to do some research on the forwarder who specialist in the specific country/shipping method. From the list of forwarders, we can pick the most affordable and experienced forwarder in case any shipping issues happened.",,"""different forwarder… called mion… Kim… based on the issue happened last time."" + ""don't work with them often… only like twice… specialized in sea.""",BTDT / Hui Syuen / Lord Working Session (2026-01-26),Forwarder/Logistics
SHIPMENT_UPGRADE_COST_OWNER,Growth Lead,Low = 1 out 10 SR,D5e,Who bears the cost for expedited air shipment used to meet launch timelines (client vs Sourcy)?,Case-specific,Execution optimization,Trust erosion,"This we need discussion with client and the management, and find the best way to solve.",,"""did we cover for the air freight?… No, they cover it.""",BTDT / Hui Syuen / Lord Working Session (2026-01-26),Forwarder/Logistics
LOGISTICS_HANDOFF_ARTIFACTS_POLICY,Growth Lead,High = Every SR,D5h,"Do we treat ETA updates and shipment handoff artifacts (tracking, lock/seal numbers, route-specific docs) as required coordination deliverables to the client?",Segment-specific,Risk guardrail,Trust erosion,"Tracking info is a must to send to client, this is to keep transparency sourcing process to client. After sending the tracking info, we still need to update the client whenever there’s any changes, as some of the tracking website is in Mandarin.",,"""this is the ETA that we update them…"" + ""send them the lock numbers… need it when… unload… timeline and tracking info.""",BTDT / Hui Syuen / Lord Working Session (2026-01-26),Forwarder/Logistics
FCL_PLANNING_BUFFER_POLICY,PM,Medium = 1 out 5 SR,D6a,"When planning an FCL, do we cap planned CBM below nominal container capacity to account for real loading constraints?",Segment-specific,Risk guardrail,Costly rework,We need to buffer some extra spaces for FCL order to avoid extra cartons after fitting in the whole container.,,"""container… 68 CBM… maximum we calculate… only 64 to 66 CBM.""",BTDT / Hui Syuen / Lord Working Session (2026-01-26),Forwarder/Logistics
FCL_OVERRUN_SHIP_METHOD,Growth Lead,Low = 1 out 10 SR,D6b,"If cartons cannot fit into the planned FCL, do we ship the overflow separately as LCL instead of re-planning/loading again?",Case-specific,Execution optimization,Costly rework,"Extra cartons can only ship by LCL, and we need to explain the situation to client on who to bear the extra freight cost.",,"""unable to fit… extra six cartons… ship… by LCL… two separate shipping both with sea.""",BTDT / Hui Syuen / Lord Working Session (2026-01-26),Forwarder/Logistics
FCL_PLANNING_AND_OVERRUN_HANDLING,PM,Low = 1 out 10 SR,D6,"For FCL shipments, how do we plan with buffer and handle container overrun (overflow cartons) including ship method and cost allocation?",Segment-specific,Risk guardrail,Costly rework,"Extra cartons can only ship by LCL, and we need to explain the situation to client on who to bear the extra freight cost.",,Container misfit led to overflow cartons shipped via LCL and cost absorbed internally.,BTDT / Hui Syuen / Lord Working Session (2026-01-26),Forwarder/Logistics
OVERRUN_COST_ALLOCATION,Growth Lead,Low = 1 out 10 SR,D6c,"When internal planning error causes overflow shipments, do we absorb the cost internally rather than passing it to the client/forwarder?",Case-specific,Execution optimization,Trust erosion,"Extra cartons can only ship by LCL, and we need to explain the situation to client on who to bear the extra freight cost.",,"""cost… absorbed by us last time.""",BTDT / Hui Syuen / Lord Working Session (2026-01-26),Forwarder/Logistics
LATE_DOCUMENT_ESCALATION_PATH,PM,Low = 1 out 10 SR,D7d,"If tax/document requirements are raised after loading, do we attempt to solve via forwarder escalation vs pausing/rejecting?",Case-specific,Execution optimization,Latency increase,"This is very hard for us as everything has been confirmed, and we need to find an alternative way if client needs the document.",,"""very late… after loaded… insist… Kim hop on… align with forwarder… find a way to solve.""",BTDT / Hui Syuen / Lord Working Session (2026-01-26),Forwarder/Logistics
DEFAULT_CLEARANCE_LANE,Growth Lead,High = Every SR,D7a,Do we assume the gray-area DDP approach is acceptable by default because it is cheapest?,Global,Context inference,Trust erosion,"DDP has stated in our quotation, so we always assume client is ok with DDP lane.",,"""we always assume… gray area is okay… DDP… cheapest.""",BTDT / Hui Syuen / Lord Working Session (2026-01-26),Forwarder/Logistics
LANE_SWITCH_ON_CLIENT_REQUEST,Growth Lead,Low = 1 out 10 SR,D7c,"When a client requests legal/tax-compliant shipping (tax ID, documentation), do we switch from gray-area default to a legal flow?",Segment-specific,Gating / readiness,Latency increase,"We can switch to green lane if client mention this earlier, this is not hard if client side able to provide any required documents.",,"""they request for it… we did a legal… lots of documentations… forwarder and Kim.""",BTDT / Hui Syuen / Lord Working Session (2026-01-26),Forwarder/Logistics
EARLY_TAX_REQUIREMENT_DISCOVERY,Growth Lead,Low = 1 out 10 SR,D7b,Do we explicitly ask early-stage whether the client needs legal/tax-compliant handling vs assuming gray-area is fine?,Segment-specific,Risk guardrail,Costly rework,"We don’t really ask this as DDP is stated in our document, so we always assume client is ok with DDP lane.",,"""very late… after loaded… only mentioned… should be asked earlier… we always assume gray area is okay.""",BTDT / Hui Syuen / Lord Working Session (2026-01-26),SR intake
TAX_COMPLIANCE_LANE_SELECTION,Growth Lead,Low = 1 out 10 SR,D7,"Do we use gray-area DDP vs legal/tax-compliant clearance, and how do we discover, switch, and handle late documentation demands (including document acceptability)?",Global,Execution optimization,Binary catastrophic,"We will only use DDP as default, unless client request to go with green lane. Green lane has more complex procedure and higher shipping cost, we need to give client a heads up on this first before confirming green lane as the shipping method.",,Default gray-area assumption conflicted with late legal/tax request; escalated to forwarder/Kim; provided documents (sometimes redacted).,BTDT / Hui Syuen / Lord Working Session (2026-01-26),"Forwarder/Logistics, SR intake"
ACCEPT_REDACTED_FORWARDER_DOCS,Growth Lead,Low = 1 out 10 SR,D7e,Do we accept forwarder-provided documents with redactions (to protect their agency) and still provide them to the client?,Case-specific,Risk guardrail,Trust erosion,"As this is the only way at that time, client can only accept this. We can encourage client to tell us their needs before placing order, so we can prepare documents based on their requirements.",,"""forwarder did cover some information… protect the agency.""",BTDT / Hui Syuen / Lord Working Session (2026-01-26),Forwarder/Logistics
REFUND_DECISION_OWNERSHIP,PM,Low = 1 out 10 SR,D8b,Who owns the partial refund decision and process after a failure incident?,Case-specific,Risk guardrail,Trust erosion,This decision is owned by the management side.,,"""Carl… discussed with Karen… we refunded… around $9,000.""",BTDT / Hui Syuen / Lord Working Session (2026-01-26),After-sales service
INCIDENT_REMEDIATION_AND_QUALITY_GUARDRAILS,Growth Lead,Low = 1 out 10 SR,D8,"After a quality incident, how do we decide remediation (spec upgrade, refund governance, supplier switching) and prevent quality degradation during price optimization?",Global,Risk guardrail,Trust erosion,"The best way to solve this is to send samples and ask the client test first. We can send samples with different specs, and we send quotation based on the samples. Client can make their decision after checking the quality and price.",,Incident led to partial refund; spec upgraded to thicker cup; physical samples used for order 2; supplier responsibility questioned; supplier switching considered.,BTDT / Hui Syuen / Lord Working Session (2026-01-26),"After-sales service, Sampling, Supplier evaluation"
RECOVERY_SPEC_UPGRADE,Growth Lead,Low = 1 out 10 SR,D8a,"After a prior quality failure, do we upgrade product spec (e.g., thicker PP cup variant) to reduce durability risk?",Segment-specific,Risk guardrail,Trust erosion,We need to understand first the major issue and solve the problem. We can also get recommendations from supplier side.,,"""offer them… thicker version… solved the quality issues.""",BTDT / Hui Syuen / Lord Working Session (2026-01-26),Requirement clarification
COUNTRY_OR_CLIENT_SPECIFIC_DOC_SET,PM,Low = 1 out 10 SR,D7f,"Do we treat certain routes/clients (e.g., Mexico or this client) as requiring a special set of documents/instructions beyond standard flows?",Segment-specific,Execution optimization,Latency increase,"Normally client will emphasize they need green lane for shipping, and we can still find a way. It was challenging if they only mention it after placing an order.",,"""only for a Mexico client… we know nothing about this… Kim handle it.""",BTDT / Hui Syuen / Lord Working Session (2026-01-26),Forwarder/Logistics
FITMENT_SPEC_REQUIREMENT_FOR_EQUIPMENT_DEPENDENT_ITEMS,Growth Lead,High = Every SR,D9,"For items that must fit client equipment (e.g., sealing film), do we require fitment specs (e.g., diameter) before proceeding?",Segment-specific,Risk guardrail,Costly rework,"We need client to provide their current machine model and specs. Best if client able to specify the exact product specs, if not, we can get their machine info and check by ourselves.",,"""sealing film… other specs… diameter… make sure… fit in their sealing machine.""",BTDT / Hui Syuen / Lord Working Session (2026-01-26),Requirement clarification
QUALITY_SIGNAL_REQUIREMENT_WHEN_PRICE_OPTIMIZING,Growth Lead,High = Every SR,D8e,"When negotiating for lower price, do we require explicit quality signals/spec validation (e.g., thickness) rather than assuming quality remains constant?",Global,Risk guardrail,Silent degradation,"As we become more experienced, we will know what makes the product in different pricing. We can also ask supplier on the difference of the product, and what will be the impact.",,"""discount… not much… we didn't think about the quality… we just look for the cheapest option."" + ""suppliers… normally… offer… cheapest option… unless we ask… thickness.""",BTDT / Hui Syuen / Lord Working Session (2026-01-26),"Initial quotation, Sampling"
REFUND_SCOPE_BASIS_STANDARD,Growth Lead,Medium = 1 out 5 SR,D8c,Do we base refund scope on client-reported damaged-item percentage vs full refund or independent verification?,Case-specific,Risk guardrail,Trust erosion,"We will refund based on the total percentage of damage item, along with videos/pics as proof. Instead of refund the amount to them, we can also make a credit term for their next order.",,"""asked… percentage of the damage items… 1%… 2%.""",BTDT / Hui Syuen / Lord Working Session (2026-01-26),After-sales service
CUSTOMIZATION_ITERATION_CONTROL,Growth Lead,Medium = 1 out 5 SR,D10,How do we decide whether to accept ongoing customization changes and how we control iteration during multi-party back-and-forth?,Global,Gating / readiness,Latency increase,We have no choice but to accept any small changes on the customization.,,"""clients… won't provide all requirements at first… after one changes… they want another changes."" + multi-party queue described.",BTDT / Hui Syuen / Lord Working Session (2026-01-26),Requirement clarification
SUPPLIER_SWITCH_AFTER_INCIDENT,Growth Lead,Medium = 1 out 5 SR,D8d,"After an incident, do we continue with the same supplier vs switch to a new supplier for the recovery/reorder?",Segment-specific,Partner qualification,Trust erosion,"It depends on how the existing supplier handle the incident, if they provide a satisfied solution, we can still work with them and get a better quality product. We might get lower price from the existing supplier as we considered as reorder, a reason to negotiate for lower price.",,"They moved to a better-quality solution and questioned prior supplier responsibility: ""we don't think that they are responsible enough."" (context of switching for better quality).",BTDT / Hui Syuen / Lord Working Session (2026-01-26),Supplier evaluation
PACKAGING_HIGH_ITERATION_RISK_TAG,Growth Lead,Medium = 1 out 5 SR,D10c,Do we classify packaging-related customization as a high-iteration/high-risk area relative to other customization types (for planning/expectation-setting)?,Global,Risk guardrail,Latency increase,Not all packaging related customization is high iteration. I would say all customization related always has the risk of high iteration.,,"""The most troublesome is the packaging one.""",BTDT / Hui Syuen / Lord Working Session (2026-01-26),Requirement clarification
ALIGNMENT_ESCALATION_UNDER_ITERATION,Growth Lead,Medium = 1 out 5 SR,D10b,"During repeated change requests, do we take explicit actions to manage supplier relationship and prevent conflict while continuing iteration?",Segment-specific,Risk guardrail,Trust erosion,"We need to stand on supplier’s perspective and tell them we don’t wish to have so many back and forth, but this is not avoidable as some of the clients are always particular.",,"""comfort the supplier… if not they will just mad at us.""",BTDT / Hui Syuen / Lord Working Session (2026-01-26),"Initial quotation, Requirement clarification"
ACCEPT_CHANGE_REQUESTS_DURING_CUSTOMIZATION,Growth Lead,Medium = 1 out 5 SR,D10a,"When clients introduce incremental changes during customization, do we accept the changes and continue iteration vs requiring a scope freeze/reset?",Global,Gating / readiness,Latency increase,"This takes up some times as we need to pass the info one by one from client to supplier. Best if we ask client to provide everything and double confirm with them before we pass to supplier. Even a small changes, we will still need to queue for supplier side designer to amend.",,"""clients… won't provide all requirements at first… after one changes… they want another changes.""",BTDT / Hui Syuen / Lord Working Session (2026-01-26),Requirement clarification
INCLUDE_MULTIPLE_SHIPPING_OPTIONS_IN_QUOTE,Growth Lead,High = Every SR,D2a,"Do we include multiple shipping methods (e.g., sea vs land DDP) in the initial quotation as selectable options for the client?",Segment-specific,Execution optimization,Latency increase,"We will include all available shipping method for initial stage, and normally is sea freight for bulk order, depending on client’s need.",,"""at the first initial quotation… include… different shipping method… different shipping cost… they can make the decision."" + ""we included… CR and the land DDP.""",BTDT / Hui Syuen / Lord Working Session (2026-01-27),Initial quotation
TIME_ESTIMATE_DISCLOSURE_POLICY_FOR_SHIPPING_OPTIONS,Growth Lead,High = Every SR,D2b,"When presenting shipping options, do we proactively provide time estimates vs only providing them when asked?",Global,Risk guardrail,Silent degradation,"We dont mention the shipping duration for initial, but we will provide ETA after client placing an order.",,"""we didn't include a time estimation… if they ask then we will let them know… seaf… how many days… land… how many days.""",BTDT / Hui Syuen / Lord Working Session (2026-01-27),"Forwarder/Logistics, Initial quotation"
SHIPPING_MODE_SELECTION_AND_PRESENTATION,Growth Lead,High = Every SR,D2,"Do we decide shipping mode primarily by client preference (e.g., cheapest) and do we present multiple shipping options in the initial quotation vs a single recommended option?",Global,Execution optimization,Latency increase,"We will provide different shipping method, and sea freight as default for bulk order. Client will mention if they have any specific requirements for shipment.",,"Flower Store: ""they… want a cheaper shipping method… seaf freight is the cheapest… we just go for the seaf."" + ""initial quotation… include… different shipping method… they can make the decision.""",BTDT / Hui Syuen / Lord Working Session (2026-01-27),"Forwarder/Logistics, Initial quotation"
REORDER_REQUIREMENT_AND_PRICE_ANCHOR,Growth Lead,High = Every SR,D1,"For repeat orders, do we anchor requirements and pricing expectations to the previous order vs re-collecting a fresh baseline?",Segment-specific,Context inference,Silent degradation,"If the items are from the same category, we will take previous record as reference. If the items are from new category (client never purchased), then we can ask them for price reference.",,"Flower Store: ""what they want is just… we have the same price as their previous order."" + ""this is also a repeated order… not customization.""",BTDT / Hui Syuen / Lord Working Session (2026-01-27),"Requirement clarification, SR intake"
EXCLUDE_AIR_FROM_BULK_SHIPPING_OPTIONS_BY_DEFAULT,Growth Lead,High = Every SR,D2c,"For bulk orders, do we exclude air freight as a default option unless explicitly required by deadline constraints?",Segment-specific,Gating / readiness,Trust erosion,"Air freight always being excluded for bulk order, unless client mention they have a tight timeline and ok to pay for additional freight cost.",,"""why we didn't include the air one is because this is a bulk order… edge cases… shipping cost is really high.""",BTDT / Hui Syuen / Lord Working Session (2026-01-27),"Bulk ordering, Forwarder/Logistics"
SAMPLE_GATING_POLICY_FOR_NON_CUSTOMIZATION_AND_REPEAT,Growth Lead,Medium = 1 out 5 SR,D3,"Do we require samples before bulk, or allow skipping samples based on repeat-order context and client preference?",Global,Gating / readiness,Costly rework,"For reorder, normally we dont have to get samples again as it might drag the timeline and also we need to pay additional sample cost. ",,"Repeat order: ""because this is a repeat order… they don't have to check the sample quality."" + General: ""we will encourage them to do a sampling but if they don't want then… we can just proceed.""",BTDT / Hui Syuen / Lord Working Session (2026-01-27),Sampling
SUBSTITUTE_OR_DROP_WHEN_OOS_OR_MOQ_MISMATCH,Growth Lead,Medium = 1 out 5 SR,D6,"When an item is out of stock or a desired variant requires customization with high MOQ, do we propose substitutes vs drop the item from scope?",Segment-specific,Gating / readiness,Costly rework,"We will propose some alternative options for client to pick, the final decision will be on client’s side.",,"""out of stock… not available… we get some alternative products."" + ""pink… requires customized… MOQ… they don't want it… decided to skip the products.""",BTDT / Hui Syuen / Lord Working Session (2026-01-27),Requotation
AFTERSALES_CREDIT_POLICY_AND_EVIDENCE_REQUIREMENT,Growth Lead,Medium = 1 out 5 SR,D4,"When post-delivery defects occur, do we issue credit against a future order, and what evidence is required to validate the claim before engaging suppliers?",Global,Risk guardrail,Trust erosion,"We will ask client to record some videos of the defective items, and give a percentage of total defected products by SKU. From there, we can calculate total refundable amount and credit to their next order.",,"""some… paper box… fragile… damage… we did a credit… from their past order… they are not paying for this amount."" + ""we will ask proof… record some videos… take some pictures… report to supplier.""",BTDT / Hui Syuen / Lord Working Session (2026-01-27),After-sales service
QUOTATION_LINE_ITEM_VALIDATION_AND_CORRECTION_LOOP,Growth Lead,Medium = 1 out 5 SR,D5,"When client flags wrong items in a quotation, do we treat it as a correction loop with client-provided references and reissue the quotation?",Global,Risk guardrail,Latency increase,"We will reissue the quotation as both products have different product link, it may caused misunderstanding if we did not correct the quotation",,"""we quote for the wrong product… they… flag back… send a link… this is the correct product… we update the quotations.""",BTDT / Hui Syuen / Lord Working Session (2026-01-27),"Requirement clarification, Requotation"
PRE_QUOTE_IMAGE_CONFIRMATION_TO_AVOID_REWORK,Growth Lead,Low = 1 out 10 SR,D5a,"Before updating the quotation for ambiguous items, do we first send images for client confirmation as an approval artifact (instead of putting it directly into the quotation)?",Segment-specific,Execution optimization,Latency increase,"To avoid back and forth, the best way is to send product images first and let client confirm. But if the sourcing request only requires 1 item, then we can add all options in quotation and let client review",,"""I want to know first whether this products is correct… best way… timesaving way is to send the image… for them to pick.""",BTDT / Hui Syuen / Lord Working Session (2026-01-27),"Requirement clarification, Requotation"
AIR_ONLY_WHEN_NO_TIME_BUFFER,Growth Lead,High = Every SR,D9a,"When timeline leaves no buffer, do we treat air freight as the only viable shipping mode (no choice) to meet deadline?",Segment-specific,Gating / readiness,Binary catastrophic,"If the goods are urgent and we don’t have other option, then we will go by air freight",,"GTEX: ""they can only use the air one because it's the fastest way. So, no choice.""",BTDT / Hui Syuen / Lord Working Session (2026-01-27),Forwarder/Logistics
DESIGN_FILE_FORMAT_HANDOFF_VIA_SUPPLIER_RENDER,Growth Lead,High = Every SR,D9b,"When original design file formats are not directly workable on our side, do we hand off files to supplier for rendering/screenshots to run client approval loops?",Segment-specific,Execution optimization,Latency increase,"As some design application requires special laptop model, so we can only pass to supplier side, ask them to screenshot and get confirmation from client side.",,"""laptop… unable to open AI file… we can see only the PDF… for the AI file we need to… send to the supplier… ask the supplier to screenshot… confirm with the client.""",BTDT / Hui Syuen / Lord Working Session (2026-01-27),"Bulk ordering, Initial quotation, Sampling"
TIGHT_DEADLINE_SUPPLIER_FEASIBILITY_GATING,Growth Lead,High = Every SR,D9,"When client has a hard deadline (event/launch), do we gate supplier selection primarily on feasibility to meet timeline (even if it constrains options like samples and shipping mode)?",Segment-specific,Gating / readiness,Binary catastrophic,"When timeline is tight, the first question we ask when selecting supplier will be the production lead time for the required quantity.",,"GTEX tissue box: ""timeline is quite tight… receive… April 9… need it by April 20… only five to six days… really hard to find… deal with the supplier… shortest timeline.""",BTDT / Hui Syuen / Lord Working Session (2026-01-27),Supplier evaluation
SUPPLIER_PRICE_NEGOTIATION_POLICY_FOR_REORDER,Growth Lead,High = Every SR,D7,"On repeat orders, do we attempt supplier price negotiation regardless of client price sensitivity, and do we accept supplier refusal (page price is best) as final?",Segment-specific,Execution optimization,Latency increase,"We will always try to negotiate for cheap price if the order is reorder, we don’t look for new supplier even though the existing supplier could not lower down the price. The reason is because we don’t want to take the risk of getting different quality of product from the other supplier.",,"""if it's a repeated order then we will try to negotiate… since this one is a reorder… but it depends."" + ""supplier… didn't give any discount… price on the product page is already the best price.""",BTDT / Hui Syuen / Lord Working Session (2026-01-27),Supplier evaluation
LOGISTICS_COST_ESTIMATION_UNDER_DIMENSION_UNCERTAINTY,Growth Lead,Medium = 1 out 5 SR,D8,"When product dimensions are uncertain (e.g., puffy/airtight packed items), do we re-quote logistics upon corrected dimensions, and do we rely on prior-order dimensions as reference for repeats?",Global,Risk guardrail,Trust erosion,We can take previous record as reference.,,"""why did the logistic price increase… miscalculation in the dimensions… sent a new quotation with the updated dimensions."" + ""for those… puffy products… hard to get exact dimensions."" + ""for repeated order… refer back to their previous quotation… check back the dimensions.""",BTDT / Hui Syuen / Lord Working Session (2026-01-27),"Forwarder/Logistics, Initial quotation"
ACCEPT_QUANTITY_AMENDMENT_DUE_TO_TOTAL_PRICE,Growth Lead,Medium = 1 out 5 SR,D10a,"When total price is higher than client expectation, do we accept quantity amendments as the primary adjustment lever?",Segment-specific,Execution optimization,Latency increase,"This case is due to a price exchange arrangement with GITEX, so the total price needs to match the value of the booth they sponsored. For other case, we will negotiate for lower unit price with higher quantity.",,"GTEX other SRs: ""they did amend about the quantity is because of the total price.""",BTDT / Hui Syuen / Lord Working Session (2026-01-27),"Initial quotation, Requirement clarification"
SPLIT_SPONSORSHIP_FUNDED_SR_FROM_CLIENT_PAID_SR,Growth Lead,Low = 1 out 10 SR,D10b,"When part of the sourcing is sponsored by Sourcy (e.g., booth sponsorship), do we separate sourcing requests into funded vs client-paid tracks?",Case-specific,Execution optimization,Trust erosion,We need to separate the sourcing request for easier tracking in the future.,,"""separate the sours request… one… sponsored by us because they give us a booth… in the event.""",BTDT / Hui Syuen / Lord Working Session (2026-01-27),SR intake
CLIENT_PROCUREMENT_PAYMENT_PROCESS_OVERRIDE,Growth Lead,Low = 1 out 10 SR,D10,"When client requires a formal procurement/payment workflow (portal upload, official documents), do we adapt our payment process vs the usual WhatsApp proforma + client finance handoff?",Segment-specific,Risk guardrail,Latency increase,"We need to follow client’s preference when asking for payment ",,"GTEX: ""required the official… go into their website… upload the prof invoice… wait for their payment… really hard."" + Contrast: ""other one we just send the profform invoice on WhatsApp… send to their finance.""",BTDT / Hui Syuen / Lord Working Session (2026-01-27),Bulk ordering
SUPPLIER_SELECTION_BY_DOCUMENT_COMPLETENESS,Growth Lead,,D5,"When sourcing regulated goods, do we prioritize supplier selection by document completeness (in addition to price)?",Segment-specific,Partner qualification,Binary catastrophic,,Decision Layer: Core Decision Candidate; Category-specific,"""The difficult step… get cheaper price… and find supplier that has complete documents… COA, halal… FDA…""",BTDT / Hui Syuen / Lord / Des Black Garlic (2026-01-28),"Supplier evaluation, Suppliers search"
PROCEED_WITHOUT_TARGET_PRICE_ANCHOR,Growth Lead,,D1,"If the client does not provide a target price upfront, do we proceed with sourcing and quotation or pause until a price anchor is clarified?",Global,Gating / readiness,Costly rework,,Decision Layer: Core Decision Candidate,"""In the beginning no… they just give me the specification… picture… want the same exact item.""",BTDT / Hui Syuen / Lord / Des Black Garlic (2026-01-28),"Requirement clarification, SR intake"
ACCEPT_NON_STANDARD_IMPORT_PATHWAY,Growth Lead,,D3,"Do we accept and operate under a non-standard import pathway (e.g., grey lane) if the client confirms it is acceptable?",Segment-specific,Risk guardrail,Binary catastrophic,,Decision Layer: Core Decision Candidate; Market-specific (Indonesia),"""They told me… no documents… because they are using grey lane… not green lane.""",BTDT / Hui Syuen / Lord / Des Black Garlic (2026-01-28),Forwarder/Logistics
INTERNAL_APPROVAL_FOR_NEW_GOODS_CATEGORY,Growth Lead,,D4,"When handling a new goods category (e.g., first-time food import), do we require internal approval before proceeding?",Global,Gating / readiness,Binary catastrophic,,Decision Layer: Core Decision Candidate,"""I asked Kim… if we handle this kind of project… first time to import a food product… Kim said… we can try.""",BTDT / Hui Syuen / Lord / Des Black Garlic (2026-01-28),SR intake
CONTINUE_PROJECT_AFTER_LANDED_PRICE_MISMATCH,Growth Lead,,D2,"When our landed unit price becomes higher than the client's local alternative, do we continue the project or disengage?",Case-specific,Gating / readiness,Costly rework,,Decision Layer: Decision Evidence (CC-learning),"""When we added the delivery cost… the final unit price becomes higher… so we didn't continue… at that time.""",BTDT / Hui Syuen / Lord / Des Black Garlic (2026-01-28),Initial quotation
CONTINUE_NEGOTIATION_AFTER_MEETING_TARGET_PRICE,Growth Lead,,D7,"If the client continues to negotiate even after we meet their target price, do we keep negotiating or hold the line?",Segment-specific,Risk guardrail,Silent degradation,,Decision Layer: Decision Evidence (CC-learning); Market-specific,"""I already provided the price based on their target… they still negotiate again… almost… three times… 'this is the best price'.""",BTDT / Hui Syuen / Lord / Des Black Garlic (2026-01-28),Initial quotation
ALLOW_CLIENT_MANAGED_LAST_MILE_PICKUP,Growth Lead,,D10,"To reduce total cost, do we allow the client to manage last-mile pickup (instead of full door-to-door)?",Case-specific,Execution optimization,Trust erosion,,Decision Layer: Decision Evidence (CC-learning),"""Initial quotation… door to door… to reduce cost… client arrange the truck by themselves… pick up in Jakarta warehouse.""",BTDT / Hui Syuen / Lord / Des Black Garlic (2026-01-28),Forwarder/Logistics
REQUIRE_SAMPLE_BEFORE_BULK_ORDER,Growth Lead,,D6,Do we require a successful sample before proceeding to bulk for a first-time category / new supplier?,Segment-specific,Gating / readiness,Costly rework,,Decision Layer: Core Decision Candidate; Category-specific,"""We ordered the sample first… send it to the client… client satisfied… then continue to bulk order.""",BTDT / Hui Syuen / Lord / Des Black Garlic (2026-01-28),"Bulk ordering, Sampling"
PROCEED_WITH_FORWARDER_WITHOUT_CATEGORY_EXPERIENCE,Growth Lead,,D9,Do we proceed with a forwarder even if they lack prior experience handling this product category?,Case-specific,Risk guardrail,Binary catastrophic,,Decision Layer: Core Decision Candidate,"""We actually took a risk… they never handled this kind of product before.""",BTDT / Hui Syuen / Lord / Des Black Garlic (2026-01-28),Forwarder/Logistics
REDUCE_MARGIN_FOR_LONG_TERM_REORDER_POTENTIAL,Growth Lead,,D8,Do we intentionally reduce margin to secure long-term recurring reorders for this client?,Case-specific,Execution optimization,Silent degradation,,Decision Layer: Strategy / Policy,"""Margin… only 4%… consideration… want reorder every month or quarter… keep them as an option.""",BTDT / Hui Syuen / Lord / Des Black Garlic (2026-01-28),Initial quotation
DEDUCT_COMPENSATION_FROM_OUTSTANDING_BALANCE,Growth Lead,,D14,"If payment is partially outstanding when damage is confirmed, do we deduct compensation from the remaining balance?",Case-specific,Risk guardrail,Trust erosion,,Decision Layer: Decision Evidence (CC-learning),"""Paid 30%… remaining 70%… we decided… deduct from the remaining payment.""",BTDT / Hui Syuen / Lord / Des Black Garlic (2026-01-28),After-sales service
SEEK_FORWARDER_COMPENSATION_VIA_FUTURE_DISCOUNT,Growth Lead,,D15,"After logistics failure, do we seek forwarder compensation via future discounts rather than direct refund/claim resolution?",Case-specific,Execution optimization,Silent degradation,,Decision Layer: Decision Evidence (CC-learning),"""Carl… asked Pun to negotiate with Bifundi… discount for next order… discount for Armada brands shipment.""",BTDT / Hui Syuen / Lord / Des Black Garlic (2026-01-28),Forwarder/Logistics
PROCEED_WITH_OVERLAPPING_BATCH_DELIVERY,Growth Lead,,D11,"When shipment delays cause multiple batches to arrive together (against expectation), do we proceed with delivery as-is or intervene to stage it?",Case-specific,Execution optimization,Costly rework,,Decision Layer: Decision Evidence (CC-learning),"""Expectation… receive batch two first… then batch three… actual… received batch two and batch three at the same time… no storage space.""",BTDT / Hui Syuen / Lord / Des Black Garlic (2026-01-28),Forwarder/Logistics
ATTRIBUTE_DAMAGE_PRIMARY_CAUSE_TO_LOGISTICS_DELAY,Growth Lead,,D12,"When product damage occurs, do we attribute the primary cause to logistics delay/holding time vs supplier quality or other factors?",Case-specific,Context inference,Silent degradation,,Decision Layer: Decision Evidence (CC-learning),"""We assume… because we hold the garlic… in warehouse… two weeks… shipment… took… 30 days… impacted quality.""",BTDT / Hui Syuen / Lord / Des Black Garlic (2026-01-28),After-sales service
SPLIT_LOSS_WHEN_SUPPLIER_REPLACEMENT_INCOMPLETE,Growth Lead,,D13,"When damage exceeds the supplier's replacement capacity, do we absorb the remaining loss to resolve the issue?",Case-specific,Risk guardrail,Silent degradation,,Decision Layer: Decision Evidence (CC-learning),"""We ask for replacement… supplier only able to provide 200kg… remaining… we need to cover… reduce the payment.""",BTDT / Hui Syuen / Lord / Des Black Garlic (2026-01-28),After-sales service
LOCK_MINIMUM_ORDER_FOR_COMPLIANT_FCL_FLOW,Growth Lead,,D18,"When moving to compliant FCL green lane, do we enforce a minimum order size as a prerequisite for the lane?",Case-specific,Gating / readiness,Trust erosion,,Decision Layer: Strategy / Policy,"""For one full container… minimum order must be 20 tons… client agreed.""",BTDT / Hui Syuen / Lord / Des Black Garlic (2026-01-28),SR intake
FRONT_REGISTRATION_COST_FOR_STRATEGIC_CLIENT,Growth Lead,,D17,Do we front registration costs required for compliant import to enable a strategic client transition?,Case-specific,Execution optimization,Costly rework,,Decision Layer: Strategy / Policy,"""Me and Kim decided to cover the registration fee… client do the registration… documents completed… pass to forwarder.""",BTDT / Hui Syuen / Lord / Des Black Garlic (2026-01-28),SR intake
TRANSITION_FROM_GREY_LANE_TO_GREEN_LANE,Growth Lead,,D16,"After repeated risk exposure, do we transition the client from grey lane to compliant green lane shipping?",Segment-specific,Risk guardrail,Binary catastrophic,,Decision Layer: Core Decision Candidate; Market-specific (Indonesia),"""We decided… help you import legally… support… documents… shipment… using FCL green lane.""",BTDT / Hui Syuen / Lord / Des Black Garlic (2026-01-28),Forwarder/Logistics